en	vi
Support quickly.	Hỗ trợ nhanh chóng.
Time Consumption	Sự tiêu thụ thời gian
Fuel Consumption	Sự tiêu thụ xăng dầu
Current Consumption	Mức tiêu thụ hiện tại
Discuss books.	Thảo luận về sách.
quickly stabilized.	nhanh chóng ổn định.
quickly deformed;	biến dạng nhanh chóng;
Heals quickly	Chữa lành nhanh chóng
Best of Uttarakhand	Tốt nhất của Uttarakhand
Create orders quickly	Tạo đơn hàng nhanh chóng
parking rules observance	tuân thủ các quy định đỗ xe
Open account quickly	Mở tài khoản nhanh chóng
Read Disturb Management	Đọc quản lý sự cố
Repair PDF quickly	Sửa chữa PDF nhanh chóng
analyse firm finance	Phân tích tài chính doanh nghiệp
decorative trim watermelon	tỉa dưa hấu trang trí
Premium Egg Noodles	Mì trứng thượng hạng
easily and quickly	dễ dàng và nhanh chóng
Discuss with doctor	Thảo luận với bác sĩ
Make coffee quickly	Pha cà phê nhanh chóng
Loyola High School	Loyola trung học
Language translation quickly	Dịch thuật ngôn ngữ nhanh chóng
White,CLEAN	Trắng, CLEAN
Bochum, Germany	Bochum, Đức
Some Paremeters	Một số Paremeter
Fuel: Gasoline	Nhiên liệu: Xăng
Corresponding product:	Corresponding sản phẩm:
Capacitive Technology	Công nghệ Capacitive
storyline, privat	cốt truyện, privat
Modulation GFSK	điều chế GFSK
Technical Paremeters	Paremeters Kỹ thuật
Rotation: CW	Vòng xoay: CW
Product discreption	Sản phẩm discreption
Style: Impressionist	Phong cách: Người ấn tượng
Correspondence address:	Địa chỉ liên lạc:
Participating associations	Các hiệp hội đã tham gia
Ownership period:	Thời hạn sở hữu:
Address: Oradea	Địa chỉ: Oradea
Correspondence Address:	Địa chỉ nhận thư:
City: Oradea	Thành phố: Oradea
Corresponding standard:	Tiêu chuẩn tương ứng:
Model: CWPM	Mô hình: CWPM
Participating Artists:	Nghệ sĩ tham gia :
Rotaion: CW	Vòng xoay: CW
Handcuffed GF	Còng tay Gf
Dildo Bathroom	Dildo Phòng tắm
Remaining phrases:	cụm từ còn lại:
Lezz, Lesbian	Lezz, Đồng tính nữ
Next LesbianFuck	tiếp theo lesbianfuck
Absorbs quickly	Hấp thụ một cách nhanh chóng
Negative Perssure:	Tiêu cực perssure:
Stranded Teens	Stranded thanh thiếu niên
Antiphospholipid syndrome;	Hội chứng antiphospholipid;
Students' Impressions	Cảm nghĩ của sinh viên
Fuel Consumption:	Sự tiêu thụ xăng dầu:
Water Consumption:	Sự tiêu thụ nước:
Chattering Time:	Thời gian tán gẫu:
Air Consumption:	tiêu thụ không khí:
Induction Distance:	Khoảng cách cảm ứng:
Unique Speakers:	Loa độc đáo:
Interactions checker	Trình kiểm tra tương tác
Outdoor Spotlights	Ngoài trời Spotlights
Energy Consumption:	Tiêu thụ năng lượng:
Retirement planning	Lập kế hoạch về hưu
Power Consumption:	Điện năng tiêu thụ:
Participating Provider	Nhà cung cấp tham gia
Chattering Time:	Thời gian trò chuyện:
Loading quantity:	Đang tải số lượng:
Dildo Movies	Dildo phim ảnh
Current Consumption:	Mức tiêu thụ hiện tại:
Lesbian japanese	Đồng tính nữ nhật bản
by easybeijing	bởi easybeijing
Download WTFast	Tải WTFast
High Absorbency	Khả năng hấp thụ cao
Unique Items	Các Item độc đáo
Loading collections...	Đang tải tuyển tập...
Dildo pics	Dildo bức ảnh
Discriminatory comments	Nhận xét phân biệt đối xử
Loading Place:	Đang tải địa điểm:
Module efficency	Hiệu suất mô-đun
lactation, asian	lactation, châu á
Shade Rate:	Tỷ lệ bóng râm:
Power Consumption:	Sự tiêu thụ năng lượng:
Material Consumption:	Vật tư tiêu hao:
Produced: extruded	Sản xuất: ép đùn
Owner Equity:	Vốn chủ sở hữu:
RUNNING clothes	CHẠY quần áo
Our Loading:	Đang tải của chúng tôi:
Support CWMP.	Hỗ trợ CWMP.
Swinburne University	Đại học Swinburne
by QBonds	bởi QBonds
Battalion: Nemesis	Tiểu đoàn: Nemesis
Memorable Mothers	Những Bà Mẹ Đáng Ghi Nhớ
Dilworth wrote:	Dilworth đã viết:
CWDM System	Hệ thống CWDM
Color: RGBW	Màu sắc: RGBW
Consumption changed?	Tiêu thụ thay đổi?
Owner's Information	Thông tin của chủ sở hữu
Editing comrades:	Chỉnh sửa đồng chí:
CWDM Network	Mạng CWDM
CWDM Networks	Mạng CWDM
Welcome Immigrants	Chào mừng người nhập cư
Total BUNK.	Tổng số BUNK.
PCP notified?	PCP được thông báo?
quickly and efficiently.	nhanh chóng và hiệu quả.
quickly and accurately.	nhanh chóng và chính xác
Money arrives quickly.	Tiền đến nhanh chóng.
Produced by TI.	Sản xuất bởi TI.
Protection and confidentiality.	Bảo vệ và bí mật.
What is ERP?	ERP là gì?
Begin with Bespoke	Bắt đầu với Bespoke
Produced by: Russia	Được sản xuất bởi: Nga
Discuss and analyze.	Thảo luận và phân tích.
Disturbed night sleep	Giấc ngủ đêm quấy rầy
Uniqueness of technology	Tính độc đáo của công nghệ
With Unique Features	Với Độc đáo Features
Read more Toolkit	Đọc thêm Toolkit
Filtering your results	Lọc kết quả của bạn
Danger to man!	Nguy hiểm cho con người!
Detail BUY NOW	Chi tiết MUA NGAY
Color Temperature: RGB	Nhiệt độ Màu: RGB
Finish: Plat gold	kết thúc: plat vàng
Transaction, exchange quickly	Giao dịch, trao đổi nhanh chóng
Convert documents quickly	Chuyển đổi tài liệu nhanh chóng
Results and Discussion	Kết quả và thảo luận
Loading more results	Tải thêm nhiều kết quả
can run smoothly.	có thể chạy trơn tru.
Geographical Map Colouring	Tô màu bản đồ địa lý
Factory Directly Sent	Nhà máy trực tiếp gửi
Security and confidentiality:	An toàn và bảo mật:
She Bounds On	Cô Bounds Trên
Asian Dildo Wife	Châu á Dildo Vợ
Produced in: Spain	Sản xuất: Tây Ban Nha
WHAT WE OFFER	những gì chúng tôi cung cấp
Discuss with us.	Thảo luận với chúng tôi.
Ownership and development	Sở hữu và phát triển
power supply ballast	cung cấp điện ballast
Loading times compared	So sánh thời gian tải
Why Shop BU?	Lý do chọn BU?
WHAT WE OFFER	Chúng tôi cung cấp những gì
dildo huge inside	dildo lớn trong
What is Mining?	Mining là gì ?
Loading Load more	Loading Tải thêm
Participation and training	Tham gia và đào tạo
Discussion and conclude	Thảo luận & kết luận
Parties and Events	Tổ chức và Sự kiện
Average Energy Consumption	Tiêu thụ năng lượng trung bình
Load More Events	Tải các Sự kiện Thêm nữa
Average Water Consumption	Tiêu thụ nước trung bình
Practice with dildo	Thực hành với dildo
Email Discussion Group	Nhóm thảo luận qua email
Produced in: Philippines	Sản xuất tại: Philippines
Jiangsu Province, China	Tỉnh Giang Tô, Trung Quốc
Produced in: Canada	Sản xuất tại: Canada
Lesbian threesome interrupted	lesbian ba người bị gián đoạn
Maximum Power Consumption	Điện năng tiêu thụ tối đa
Brand Name: Husky	Hàng hiệu: Husky
Get notified promotions	Nhận thông báo khuyến mại
Asian Japanese Dildo	Nhật Dildo Châu á
Mining Truck Description	Khai thác mỏ xe tải Description
Anti jamming capability.	Khả năng chống nhiễu.
Produced in: Romania	Sản xuất tại: Romania
Disturbed sleep habits	thói quen ngủ bị quấy rầy
Japanese Dildo Public	Nhật Dildo Công cộng
Low Air Consumption	Tiêu thụ không khí thấp
Low Energy Consumption	Tiêu thụ năng lượng thấp
Effective Filtering Area	Khu vực lọc hiệu quả
Lower Power Consumption	Tiêu thụ điện năng thấp hơn
Asian Black Dildo	Châu á đen dildo
constant CW: No	liên tục CW: Không
Average Power Consumption	Tiêu thụ điện năng trung bình
fermented milk products.	sản phẩm sữa lên men.
Reduce Energy Consumption	Giảm tiêu thụ năng lượng
Fruit Loading Process	Quá trình nạp trái cây
Corresponding test standard	tiêu chuẩn thử nghiệm tương ứng
Japanese Public Dildo	Nhật Dildo Công cộng
Unique Gaming Features	Các tính năng độc đáo Gaming
Produced in: Switzerland	Sản xuất tại: Thụy Sĩ
Maximum Force Load:	lực tải tối đa:
Japanese Dildo Asian	Nhật Dildo Châu á
Content and Ownership	Nội dung và quyền sở hữu
Produced in: Denmark	Sản xuất tại: Đan Mạch
Jewelry Shop Owner	Chủ cửa hàng trang sức
Produced in: France	Sản xuất tại: Pháp
Low Power Consumption	tiêu thụ điện năng thấp
Discuss KVM architecture	Thảo luận kiến trúc KVM
Average Power Consumption	Công suất tiêu thụ trung bình
No Load Current:	Không có hiện tại tải:
Produced in: Mexico	Sản xuất tại: Mexico
constant CW: yes	liên tục CW: Vâng
Produced in: Belgium	Sản xuất tại: Bỉ
Low Power Consumption	Sự tiêu thụ ít điện năng
Flag of mexico	Lá cờ của mexico
Mining ore past	Khai thác mỏ quặng quá khứ
RGB Gaming Keyboard	Bàn phím chơi game RGB
Produced in: Serbia	Sản xuất tại: Serbia
Corresponding test standard	Tiêu chuẩn kiểm tra tương ứng
What is Rivastigmine	Rivastigmine là gì
Loadpin General Description	Loadpin Mô tả chung
Next: Mining Industry	Tiếp theo: Ngành khai khoáng
Little Power Consumption	Tiêu thụ ít năng lượng
Description of Peggo	Miêu tả về Peggo
Production and Consumption	Sản xuất và tiêu thụ
Produced in: Germany	Sản xuất tại: Đức
Produced in: Lithuania	Sản xuất tại: Lithuania
Mining Equipment Parts	Thiết bị Phụ tùng Mining
Easy Paper Loading	Nạp giấy dễ dàng
Download the toolkit	Tải bộ dụng cụ về
Mining Truck Game	Khai thác mỏ xe tải Game
poster design, posters	thiết kế poster, áp phích
Representative of VECOM	Đại diện VECOM
Unique Washing System	Hệ thống rửa độc đáo
Mining Equipments OEM	Thiết bị khai thác mỏ OEM
Land Stewardship Project	Dự án quản lý đất đai
Physiological support tools	Dụng cụ hỗ trợ sinh lý
Produced in: Brazil	Sản xuất tại: Brazil
Filtering medical materials	Vật liệu lọc y tế
slush puppy machines,	máy chuốt con chó con,
Maximum Power Consumption	Tiêu thụ điện năng tối đa
Multifunction Boxing Station	Trạm Boxing Đa năng
Produced in: Poland	Sản xuất tại: Ba Lan
Registering on Marketplace	Đăng ký trên Marketplace
Produced in: Russia	Sản xuất trong: Nga
Load Power: Ordinary	Tải điện: Bình thường
Illinois Stewardship Alliance	Liên minh quản lý Illinois
ballast mounting system	hệ thống gắn ballast
Produced Shipped Vest	Sản xuất được vận chuyển Vest
Support Users' Interaction	Hỗ trợ tương tác người dùng
Unique clamping technology	Kỹ thuật kẹp đặc thù
Low Electrical Consumption	Điện năng tiêu thụ thấp
Calligraphy and painting	Thư pháp và hội họa
Loading the good	Đang tải hàng hóa tốt
Produced in: Sweden	Sản xuất tại: Thụy Điển
Low Power Consumption	Tiêu thụ ít điện năng
Mining Safety Shoes	Giày Bảo Hộ Mining
Outdoor Lesbian Fun	ngoài trời lesbian vui vẻ
Green Aspiration newsletter	Bản tin Khát vọng Xanh
Max Power Consumption	Max Công suất tiêu thụ
Produced in: Netherlands	Sản xuất tại: Hà Lan
Engine Fuel Gasoline	Động cơ Nhiên liệu Xăng
Pictures and posters1	Hình ảnh và áp phích1
Chairman of VECOM	Chủ tịch VECOM
Dynamic Power Consumption	Tiêu thụ năng lượng tĩnh
Less Power Consumption	Tiêu thụ ít điện năng hơn
Mining and Processing	Khai thác và chế biến mỏ
Total Power Consumption	Tổng công suất tiêu thụ
Designing Load Management	Thiết kế quản lý tải
Basic Load Rating	Xếp hạng tải cơ bản
Mining Crushing Equipment	Thiết bị nghiền khai thác mỏ
Rings Jewelry Women	Nhẫn trang sức phụ nữ
cast aluminium guttering	Cast nhôm máng xối
Mining Operations Clothing	Quần áo ngành khai thác mỏ
Properties of molybdenum	Tính chất của molypden
Mining Tailings Pump	Khai thác mỏ Tailings bơm
Gasoline powered generators	Máy phát điện chạy bằng xăng
Puma Steam Pipe	Ống hơi Puma
pregnancy and lactation;	Mang thai và cho con bú
Produced in: Finland	Sản xuất: Phần Lan
quickly detail describe:	nhanh chóng mô tả chi tiết:
Convert video quickly	Chuyển đổi video nhanh chóng
Brand Name: BU	Hàng hiệu: BU
Shape: Long stick	Hình dạng: Cây gậy dài
I quickly responded.	Tôi nhanh chóng trả lời.
quickly and reliably.	nhanh chóng và đáng tin cậy.
Load distribution balance.	Cân bằng phân phối tải.
quickly restore strength;	nhanh chóng khôi phục sức mạnh;
Is it careless?	Có bất cẩn không?
Differences with ERP	Sự khác biệt với ERP
Unique Educational Toys	Đồ chơi giáo dục độc đáo
It quickly disappears.	Nó nhanh chóng biến mất.
Strolling Around Kamakura	Tản bộ ở Kamakura
driving slush machine.	lái máy slush.
For crafty comrades	Cho những đồng chí xảo quyệt
Danger Code: C	Mã nguy hiểm: C
quickly replenish water.	bổ sung nước nhanh chóng.
Disturbing other residents	Làm phiền những cư dân khác
accurately and quickly.	chính xác và nhanh chóng.
VEPR on Media	VEPR trên báo chí
The Evolving Church	Giáo Hội Evolving
silver and balck	bạc và balck
Shade is lovely!	Shade là đáng yêu!
Search DLL quickly	Tìm kiếm DLL nhanh chóng
Safflower oil benefits	Safflower lợi ích dầu
Water falling smoothly;	Nước rơi êm đềm;
Discussing the film	Bàn luận về bộ phim
Scraping is appropriate	Nạo là thích hợp
Scientific name: Acer	Tên Khoa học: Acer
What is Steward?	Steward là gì?
Feature: Strong Interaction	Đặc tính: Tương tác mạnh
We arrived quickly.	Chúng tôi đến thật nhanh.
Not easily deformed.	Không dễ bị biến dạng.
Secure one quickly!	Bảo mật một cách nhanh chóng!
Exciting Boxing game	Trò chơi Boxing thú vị
Participating in events	Tham gia vào các sự kiện
Operating Mode CW	Chế độ hoạt động CW
NFT and Marketplace	NFT và Thị trường
What is Spotlight?	Spotlight là gì?
Fresh and tasty!	Tươi và ngon!
Unique FRP shape	Hình dạng FRP độc đáo
Drive away quickly!	Lái xe đi nhanh chóng!
Singing at home.	Ca hát tại nhà.
Build quickly and easily	Tạo nhanh chóng và dễ dàng
Font Colour Black Gold	Font Colour Đen Vàng
Sitting talking to someone	Ngồi nói chuyện với ai đó
Results are seen quickly	Kết quả được nhìn thấy nhanh chóng
Start a chat quickly	Bắt đầu chat nhanh chóng
Slave with 3 testicles	Nô lệ với 3 testicles
Interaction with Google Earth	Tương tác với Google Earth
Get the certification quickly	Nhận xác nhận một cách nhanh chóng
Unit Load Term Definition	Tải trọng đơn vị Term Definition
The Power of Unique	Sức mạnh của sự độc đáo
Open your camera quickly	Mở máy ảnh một cách nhanh chóng
Provide correct sample quickly	Cung cấp mẫu chính xác nhanh chóng
Sent to port directly	Gửi trực tiếp đến cổng
Home Blog Mothers Day	Trang chủ Blog Ngày của Mẹ
Danger to the body	Nguy hiểm cho cơ thể
Parties and gay jokes	Bên và đồng tính đùa
Guardians of the Galaxy	Người giám hộ của Galaxy
Curse of the Voodoo	Lời nguyền của Voodoo
Support for students quickly	Hỗ trợ cho học viên nhanh chóng
You Control the Mining	Bạn điều khiển Mining
Spotlight on Angel Island	Spotlight trên đảo Angel
Interaction with other substances	Tương tác với các chất khác
RU ministry of health	Bộ y tế RU
Running smoothly and smoothly	Chạy trơn tru và trơn tru
Interaction with other drugs	Tương tác với các thuốc khác
Web and App Plat	Web và ứng dụng Plat
Written by Shirley Hutton	Người viết: Shirley Hutton
DF authorities against bullying	Chính quyền DF chống bắt nạt
Make Your own Noodles	Tự Làm Mỳ của riêng Bạn
Lesbian slaves in school	lesbian nô lệ trong trường
Lucia Singing in church	Lucia hát trong nhà thờ
Condition new or ref	Điều kiện mới hoặc ref
6: Active Load Management	6: Active tải quản lý
Cold deformed with geometry	Lạnh biến dạng với hình học
10 tips vs bullying	10 lời khuyên vs bắt nạt
Return to the napkin	Trở lại khăn ăn
Unique weight loss mechanism	Cơ chế giảm cân duy nhất
Lola Ferri from Italy	Lola Ferri từ Ý
Get notified for iOS	Nhận thông báo cho iOS
Load accuracy 1 class	Tải chính xác 1 lớp
Rings for hydroelectric plants	Nhẫn cho nhà máy thủy điện
Flowers for your Valentines	Hoa cho Valentine của bạn
Japanese Lesbian Life 24	nhật bản lesbian cuộc sống 24
Genome damage and stability	thiệt hại gen và ổn định
Auto OFF 3 minutes	Tự động tắt 3 phút
Mining in the world	Khai thác trên thế giới
Japanese Lesbian Kiss 6	nhật bản lesbian Hôn 6
Hot selling Key Rings	Hot bán vòng chìa khóa
Load accuracy 1 class	Độ chính xác tải 1 lớp
Lesbian Family Affair 3	lesbian gia đình chuyện 3
Japanese Lesbian Kiss 8	Người nhật Les hôn 8
LED RGB panel light	Bảng điều khiển LED RGB
Color RGB multi change	Màu RGB đa thay đổi
Baby Hazel learns manners	Bé Hazel học cách cư xử
Unique Casino VIP Program	Chương trình VIP Casino độc đáo
Agricultural products and spices	Nông sản và gia vị
AD vegetables and spices	AD rau và gia vị
Lesbian mother and daughter	lesbian mẹ kế và con gái
Three Round Spring Rings	Ba vòng mùa xuân nhẫn
New Design Peanut Ball	Thiết kế mới Peanut Ball
Evergreen school district map	Học khu Evergreen bản đồ
quickly open filter housing	nhà ở bộ lọc nhanh chóng mở
5 High Temperature Load	5 Tải nhiệt độ cao
Noi Bai International Airport	Sân bay Quốc tế Nội Bài
Unique hair removal effect	Hiệu quả tẩy lông độc đáo
ERP consultant United States	Tư vấn ERP Hoa Kỳ
Lesbian old and young	Người già và trẻ lesbian
Unique slim lightweight design	Thiết kế mỏng nhẹ độc đáo
disable electric evacuation chair	vô hiệu ghế điện di tản
Valentines Day cards download	Thẻ ngày lễ tình nhân download
Swimming on Koh Rong	Bơi trên Koh Rong
Department of Geographical Environment	Phòng Môi trường Địa lý
Lesbian Public Young Teen	Teen Công cộng Trẻ Les
chili stone removal machine	Chili đá tháo máy
For the Mining Industry	Đối với ngành khai thác mỏ
High Power RF Load	Tải RF công suất cao
Mining and Mineral Industries	Khu mỏ và khoáng sản
5 Rings Cable Manager	Quản lý cáp 5 vòng
tissue paper napkin machine	khăn giấy khăn ăn máy
Mining Engineer United States	Kỹ sư mỏ Hoa Kỳ
Mining Ball Mill Machine	Máy khai thác mỏ Ball Mill
Representative office Ha Noi	Văn phòng đại diện Hà Nội
PA GF Plastic Sheet	Tấm nhựa PA GF
Russian Sex Family Lesbian	Les Gia đình Nga Tình dục
Pearl Rings for Sale	Vòng ngọc trai để bán
Gold Mining Ball Mill	Khai thác vàng Ball Mill
Paper Box Unique Shape	Hộp giấy Hình dạng độc đáo
Starting and stopping smoothly	Bắt đầu và dừng suôn sẻ
You eat too quickly	Tốc độ ăn quá nhanh
2 Danger to humans	2 Nguy hiểm cho con người
Part 2: Basic manners	Phần 2: Tác phong cơ bản
Search and filter quickly	Tìm kiếm và lọc nhanh
Written by Holly Hutton	Viết bởi Holly Hutton
Danger of tobacco smoke	Nguy hiểm của khói thuốc lá
Geneva Floor Light Shade	Geneva Tầng nhẹ Shade
Unique historic Kalmar county	Hạt Kalmar lịch sử độc đáo
2, Temperature rise quickly	2, Nhiệt độ tăng nhanh
Play with Celebrity Boxing	Chơi với Celebrity Boxing
Can effectively and quickly	Có thể hiệu quả và nhanh chóng
Chair for Underground Mining	Ghế cho Mining ngầm
3 Danger of drink	3 Nguy hiểm của đồ uống
Boxing with electric robot	Boxing với điện robot
The Boone Family Foundation	Tổ chức gia đình Boone
quickly open filter housing	nhanh chóng mở bộ lọc nhà ở
6 Danger to humans	6 Nguy hiểm cho con người
Best hotels in Galway	Khách sạn best trong Galway
It can quickly identify	Nó có thể nhanh chóng xác định
5 Danger to people	5 Nguy hiểm cho mọi người
Produced by CNC machines	Được sản xuất bởi máy CNC
Lord of the Rings	Chúa tể của những chiếc nhẫn
Mothers need to know	Các bà mẹ cần biết
Monday-Friday	Thứ hai - thứ sáu
Monday-Friday	Thứ Hai-Thứ Sáu
weight:5KG	Trọng lượng:5kg
OEM:Accept	OEM:chấp nhận
50PCS/week	50PCS/tuần
License:Shareware	Giấy phép :Shareware
Weight:90gram	Trọng lượng: 90gram
Cute/Romantic	Dễ thương / Lãng mạn
Children&Adults	Trẻ em & người lớn
Size:4inch	Kích thước: 4 inch
50sets/month	50sets/tháng
Orignal:China	Orignal: Trung Quốc
N4Equivalent	N4Tương đương
Friday,Coffee	Thứ sáu,Cà phê
Black，blue，red	đen, xanh dương, đỏ
B2B-focused	B2B Tập trung
Monday-Friday	Thứ Hai đến Thứ Sáu
Health-Beauty	Sức Khỏe - Sắc Đẹp
PreviousPauseNext	TrướcPauseTiếp
Weight/PCS	Trọng lượng / PCS
Question/Message	Câu hỏi / tin nhắn
Manufacturer:AUO	Nhà sản xuất:AUO
Shanghai,Ningbo	Thượng Hải, Ningbo
Promotion,advertising	Khuyến mãi, quảng cáo
Motor:Brushless	động cơ:Brushless
Multi-language,English	Đa ngôn ngữ, tiếng anh
FriendLinkLinks:	FriendLink Liên kết:
News-Events	Tin tức – Sự kiện
Previous：None!	Trước:Không có gì!
OEM:Support	OEM:Hỗ trợ
MOQ:NONE	MOQ:Không có
Appearance:Modern	Xuất hiện:Hiện đại
Color:Picture	Màu:Hình ảnh
Blue,green,red	xanh, đỏ, xanh
screen-size:inch	màn hình kích thước:inch
GMO-free:	GMO miễn phí:
Food,Fruit	Thực phẩm, trái cây
MF:Mixture	MF: Hỗn hợp
Weight:66kg	Trọng lượng: 66kg
Weight:43kg	Trọng lượng: 43kg
Country/Territory	Quốc gia / Lãnh thổ
Weight,Kg	Trọng lượng, Kg
Phase&Waveform	Giai đoạn & Waveform
Size:4ft	Kích thước:4ft
Partner-Customer	Đối tác - Khách hàng
Weight:8t	Trọng lượng: 8t
Material:Plastic	Chất liệu: Nhựa
weight:90gsm	trọng lượng: 90gsm
Made-in-China	Sản xuất tại Trung Quốc
Education/Training	Giáo dục/Đào tạo
Hospital/Clinic	Bệnh viện / phòng khám
Color:Optional	Màu:Tùy chọn
Silver,green,blue	bạc, xanh, xanh dương
Connector:IDC	Đầu nối:IDC
Design&Installation	Thiết kế và lắp đặt
brand：Dunhill	Thương hiệu：Dunhill
Computer/Laptop	Máy tính / Laptop
Height:5mm	Chiều cao: 5mm
Address:Guangdong	Địa chỉ:Guangdong
More...Others	Hơn...Loại khác
Page123Next	Trang:123Trang tiếp
Size(F)	Kích thước (F)
Home/Products	Home/Sản phẩm
Promotional,shopping	khuyến mãi, mua sắm
Transmission,truck	Truyền tải, xe tải
Plan/Account	Gói / Tài khoản
Finish:Nickel	Hoàn thành:Nickel
Restaurant/Lounge	Nhà hàng/Lounge
Finance・Insurance	Tài chính · Bảo hiểm
Ordor:characteristic	Ordor: đặc trưng
MC/Author	MC/Tác giả
Feature:Luxury	Tính năng: Luxury
News&Events	Tin tức và sự kiện
Color:Required	Màu sắc: Bắt buộc
kill-switch	có kill switch
Regulatory/licensing	Quy định/cấp phép
Tote,handle	Tote, xử lý
Weight(g)	Khối lượng(g)
Weight:2T	Trọng lượng: 2T
Material:Polyethylene	Vật chất:Polyethylene
Height:25mm	Chiều cao:25mm
Monday–Friday	Thứ Hai–Thứ Sáu
power:4kw	công suất: 4kw
Company&Factory	Công ty & nhà máy
News-Events	Tin tức - Sự kiện
Honors/awards	Danh hiệu / giải thưởng
Bearing:NSK	Vòng bi: NSK
Power:Electonic	Sức mạnh:Electonic
Meeting+Events	Cuộc họp + Sự kiện
Color:Yellow	Màu sắc: Màu vàng
Customer&Exhibition	Khách hàng & Triển lãm
Support&optional	Hỗ trợ & tùy chọn
Shopping/promotional	mua sắm / khuyến mãi
Registration/Usage	Đăng ký / sử dụng
Material:Plastic	Vật chất:Nhựa
Boutique/Design	Boutique / Thiết kế
Volume(lots)	Khối lượng (lot)
OEM:accepted	OEM: được chấp nhận
Wine/Spirits	Rượu/Linh Hồn
Weight(g)	Trọng lượng (g)
instruction.pdf	hướng dẫn.pdf
‧Business	‧Kinh doanh
World-Class	Đẳng cấp Thế giới
Grade:?SPCC	Lớp: SPCC
Bank-organizer.	Ngân hàng tổ chức.
Generator(current)	Máy phát điện(current)
Bottom-illuminated	Bottom-chiếu sáng
Protection/Restoration	Bảo vệ / phục hồi
PowerSupply:	Cung cấp năng lượng:
Car_Tailgate	Xe hơi _ Tailgate
Packing,Food	Đóng gói, thực phẩm
Home_Products	Home_Sản phẩm
Hino-truck	Hino-xe tải
Sports＆Health	Thể thao & Sức khỏe
Eco-Clinic	Phòng khám Đa khoa Eco Clinic
Material:Plastics	Vật chất:Nhựa
Home/Logistic	Home/Dịch vụ Logistics
Home/DIY	Trang chủ/DIY
Blue,brown,	Màu xanh, nâu,
Bushing:PTFE	Đúc dùng: PTFE
CancelContinue	Hủy bỏTiếp tục
Conference/Training	Hội thảo/Đào tạo
Tags:News	thẻ:Tin tức
Name:Holoflex	Tên:Holoflex
Color:Yellow	Màu:Màu vàng
A:Sure.	A: Chắc chắn rồi.
Type:Closed	loại hình:Đóng
News-Events	Tin tức-sự kiện
Companies>Companies	Công ty> Công ty
Home>Bowling	Trang Chủ>Bowling
Hotel/Tourism	Khách sạn / Du lịch
3.Application	3.Ứng dụng
Country/Qualification	Quốc Gia/Bằng Cấp
Appearance:Modern	Ngoại hình: Hiện đại
Roof/Ground	Mái nhà / Mặt đất
Color:Optional	Màu sắc: Tùy chọn
News&Training	Tin tức & Đào tạo
>Products	>Các sản phẩm
Appearance：Yellow	Ngoại quan: Màu vàng
Industry,Construction	Công nghiệp, Xây dựng
Photography/Videography	Nhiếp ảnh/video
Football/Rugby	Bóng đá/Rugby
Volume(lots)	Khối lượng(lot)
TownhouseApartment	Nhà phốCăn Hộ
HeBei,China	HeBei, Trung Quốc
Framework:Steel	Khuôn khổ:Thép
Harbour/Airports	Cảng biển・sân bay
Food,Beverage	Thực phẩm và đồ uống
Picture>Picture	Hình ảnh> Hình ảnh
■Features	■Đặc điểm
ck-proof.	bằng chứng ck.
Capability&feature	Khả năng & tính năng
Fixed/Selection	Cố định/Lựa chọn
Prev12Next	Trang trước12Trang sau
Auto-optimization	Tự động tối ưu hóa
Weight:7T	Trọng lượng: 7T
Processing:Forging	Chế biến:Rèn
Sessions/Week	Buổi/Tuần
Trading/Commerce	Thương mại/Thương mại
Acknowledgments	Lời Cảm Ơn
APPLICATION:	Ứng dụng:
T-Connector	T-Kết nối
News&Events	Tin tức&Sự kiện
Link/Activity	Liên kết / Hoạt động
Gender:Feminized	Giới tính: Feminized
Payment&Shipping	Thanh toán và vận chuyển
Packing&shipping	Đóng gói và vận chuyển
Weight:28kg	Trọng lượng: 28kg
Mass(kg)	Khối lượng (kg)
Exhibition,Concert	Triển lãm, hòa nhạc
1-Features	1-Tính năng
Type:Resting	Kiểu:Nghỉ ngơi
Hi-reliability	Hi-độ tin cậy
Officialrepresentatives	Các đại diện chính thức
Website/Brands	Trang web / Thương hiệu
Competitiveness.	Khả năng cạnh tranh.
Type:Surface	Kiểu:bề mặt
opportunities&challenges	cơ hội và thách thức
infectious-allergic;	dị ứng truyền nhiễm;
Clean/elegant	sạch sẽ / thanh lịch
Hospital/Clinic	Tên Bệnh viện/ Phòng khám
Category:Perspective	Thể loại:Phối cảnh
Support,Optional	Hỗ trợ, tùy chọn
Style:Ethnic	Phong cách: Dân tộc
Home>Careers	Trang Chủ>Careers
Office/Bathroom	Văn phòng / Phòng tắm
Inward/outward	Bên trong ra bên ngoài
Name:Holonet	Tên:Holonet
Size(m)	Kích thước (m)
News/Events	Tin tức / Sự kiện
Home/Contact	Trang Chủ/Liên hệ
Safe_Health	an toàn _ Sức khoẻ
▶Finance	▶Tài chính
Subject*Required	Subject*là ô bắt buộc
Weight:6T	Trọng lượng:6T
S:Stroke	S: Đột quke
Standard,Drawings	tiêu chuẩn, bản vẽ
Performance/Culture	Biểu diễn/Văn hóa
Home/Contact	Nhà/Tiếp xúc
bathroompornstars	phòng tắmpornstars
Training.pdf	Đào tạo.pdf
Accuracy::	Độ chính xác::
I:Features	I: Các tính năng
Food-bloggers	Thực phẩm-blogger
Time-Saving:	Tiết kiệm thời gian:
Standard:QMSC	Tiêu chuẩn:QMSC
Flammability::	Tính dễ cháy::
e-Petition	Đơn khiếu nại điện tử
Culture/Experience	Văn hóa/Trải nghiệm
Size(D)	Kích thước (D)
Bearing:SKF	Vòng bi: SKF
Time-saving.	Tiết kiệm thời gian.
Smart-cards1	Thẻ thông minh smart card1
River/Falls	Sông/Thác nước
Uniform,apparel	Đồng phục, may mặc
ㆍBusiness	ㆍKinh Doanh
Feature:Two-way	tính năng:Hai chiều
Support/Optional	Hỗ trợ / Tùy chọn
Appearance:Modern	phong cách:Hiện đại
·Products	·Các sản phẩm
Courses/events	Khóa học/ Sự kiện
Use:Various	Sử dụng: Khác nhau
Material:Plastic	tài liệu:Nhựa
Co-events:	Các sự kiện hưởng ứng:
Empflixhairy	Empflixlông
Appearance:Powder	Xuất hiện:Bột
Business/Management	Kinh doanh/ điều hành
Size(cm)	Kích thước (cm)
Size&Color	Kích thước & màu sắc
Admission/Visa	Thư mời học/Visa
Vice-Chairman	Phó chủ tịch thường trực
Libraries-Public	Thư viện-Công cộng
Technology&Innovation	Đổi mới công nghệ &
ㆍApartment	ㆍCăn Hộ
Nick/Amount	Nick / Số tiền
Usage:Indoor	Sử dụng: Trong nhà
Home/Contacts	Trang chủ/Liên hệ
Singer/Songwriter	Ca sỹ/ Nhà viết lời
Material:stainless	Vật chất:Không gỉ
Wellness/beauty	Sức khỏe / sắc đẹp
Shape:Curved	hình dạng:Cong
rolls/carton	cuộn / thùng carton
›Products	›Sản phẩm
Weight:29kg	Trọng lượng: 29kg
Wash·Cleaning	Rửa·Dọn dẹp
Beneficiaries:	Đối tượng hưởng lợi:
News&Events	Tin tức sự kiện &
Food/Edible	Thức ăn / ăn được
Use:Gloves	Sử dụng: Găng tay
Package,food	Gói, thức ăn
Connector:5pin	Trình kết nối: 5pin
Size/Weight	Kích thước / Trọng lượng
County/District*	Quận/Huyện:*
ⅤApplications:	ⅤCác ứng dụng:
Investment-Finance	Đầu tư – Tài chính
oldhairymilf	xưalôngmilf
Country/Territory	Nước/Lãnh thổ
Structure:Steel	Cấu trúc:Thép
.Reading	.Đọc hiểu
Home/Products	Home/Các sản phẩm
Home/Events	Trang chủ/Sự kiện
Gift_Business	Quà tặng _ Kinh doanh
Order/Payment	Đặt hàng/Thanh toán
Scholarship-Sponsor	Học bổng - Tài trợ
Thread(NPT	Chủ đề (NPT
Price:negotiable	Giá: có thể thương lượng
⁄Products	⁄Sản phẩm
_Products	_Sản phẩm
Finish:Nickel	Kết thúc:Niken
Engineer/Bachelor	Kỹ sư/cử nhân
Automatic_automated	Tự động _ tự động
·Details	· Thông tin chi tiết
Use:Bedroom	sử dụng:Phòng ngủ
Appearance:Powder	Hình thức: Bột
Medical/Dental	Y khoa/ Nha khoa
punishmentpornstars	trừng phạtpornstars
Apartment/House	Nhà Riêng/Căn Hộ
Corporate/Industrial	Công ty/Thương mại
Packing&shipment	Đóng gói và giao hàng
Programmability::	Khả năng lập trình::
Forum-Community	Diễn Đàn - Cộng Đồng
Structure:Sectional	Cấu trúc: Mặt cắt
ApartmentApartment	Căn HộCăn Hộ
Use:Cleaning	Công dụng: Làm sạch
News/Fairs	Tin tức / hội chợ
Packing:bulk	Đóng gói: số lượng lớn
Celebrities27	Diễn viên nổi tiếng27
Voltage/frequency:	Tần số điện áp:
Mayor-council	Thị trưởng-hội đồng
outdoorweirdhardcore	ngoài trờilạhardcore
ApartmentsApartments	Căn hộCăn hộ
Commercial/Industrial	Thương mại / công nghiệp
Celebrities113	Diễn viên nổi tiếng113
Size(in)	Kích thước (in)
Feature:Pattern	tính năng:Mô hình
PRODUCTS0	Sản Phẩm0
Usage:promotion	Cách sử dụng: khuyến mãi
Power:27hp	quyền lực:27hp
Message*Required	Message*là ô bắt buộc
Events/News	Sự kiện/Tin tức
Naval/Military	Hải quân / quân sự
Accounting/Finance	Tài chính & Kế Toán
Owner/Operator	Chủ / Người điều hành
music-composers	âm nhạc-nhạc sĩ
Sliver,black	Mảnh, màu đen
Bio-pesticides	Thuốc trừ sâu sinh học
Construction/Installation	Thi công/Lắp đặt
Black/Custom	đen / Tùy Chỉnh
Heat-generator11	Động cơ nhiệt điện11
News&Events	Tin tức – Sự kiện
Location–Uiwang	Vị trí–Uiwang
EventExperiential	Sự kiệnTrải nghiệm
Tuesday-Closed	Thứ Ba- đóng cửa
Construction/Contractors	Xây dựng / Nhà thầu
White/Custom	Trắng / Tuỳ chỉnh
Designer/Coordinator	Thiết kế / Điều phối
Printing,advertising	In ấn, quảng cáo
Heat-generator1	Động cơ nhiệt điện1
realitybabehardcore	thực tếbabehardcore
Credit/Financing	Tín dụng / Tài chính
Feature:Recyclable	Tính năng: Tái chế
Rubber,Metal	Cao su, kim loại
music-composers	âm nhạc, nhà soạn nhạc
writing/editing	soạn thảo/biên tập
defloration890	làm chệch hướng890
Economics/Finance	Kinh tế/ Tài chính
Self-cutters16	Vít tự khoan16
News/Events	Tin tức - Hoạt động
Heat-generator106	Động cơ nhiệt điện106
Finish/Surface	Hoàn thiện / Bề mặt
Technic:woven	Kỹ thuật:dệt
Address*Required	Address*là ô bắt buộc
Embroidry10	Thêu thùa10
Child/Teenager	Trẻ em/Thiếu niên
Branch:Huawei	Chi nhánh:Huawei
Indoor_outdoor	trong nhà _ ngoài trời
Heat-generator5	Động cơ nhiệt điện5
City/Province	Thành phố/Tỉnh
Dutch-NL	Tiếng Hà Lan-NL
Impedance::	Trở kháng::
Home/Agronomy	Trang chủ/Trồng trọt
Email/Newsletter	Email / Bản tin
Horsepower:1hp	Mã lực:1hp
cartooncartoondemon	cartoonanimehoạt hình
Type:Welded	loại hình:Dàn
Temperature/Humidity	Nhiệt độ và độ ẩm
Finish:Grind	Hoàn thành:Đánh bóng
▼Products	▼Sản phẩm
Grammar/Writing	Ngữ pháp/Viết
Counterweight(kg)	trái cân(kg)
Construction-installation	Thi công-lắp đặt
EnterpriseIndividual	Doanh NghiệpCá nhân
Water-wheels1	Tua bin thủy lực1
Area/Province	Khu vực/Tỉnh
Celebrities114	Diễn viên nổi tiếng114
defloration138	làm chệch hướng138
Finish:Glazed	Hoàn thành:Tráng men
Plastic,Brass	Nhựa, đồng thau
defloration367	làm chệch hướng367
PricingPricing	PricingBáo giá
Hydrocylinders76	Xi lanh thủy lực76
Maxcapacity:	Công suất tối đa:
ProductsCategory	Các sản phẩmthể loại
Manufacturing/Chemicals	Sản xuất/Hoá chất
⁄Juices	⁄Sinh tố
defloration386	làm chệch hướng386
african578	Người châu Phi578
Road-roller28	Xe rulô cán đường28
Temperature/Humidity	Nhiệt độ/ độ ẩm
Road-roller22	Xe rulô cán đường22
1.Application	1.Ứng dụng
AsianBlackChinese	Châu ÁMỹDa đen
webcampussyhairy	webcamâm hộlông
furniture-accessories	đồ nội thất phụ kiện
Home/Updates	Trang chủ/cập nhật
•Gallery	•Thư viện ảnh
Impalpability:	Bất khả xâm phạm:
drinking-fountain	nước uống-Fountain
Pre-saleservice	Dịch vụ bán hàng trước
industrial-zone-development	Phát triển khu công nghiệp
Power:2KW	Sức mạnh:2Kw
Agriculture/Forestry	Nông nghiệp/Lâm Nghiệp
News/Updates	Tin tức/Cập nhật
Self-cutters88	Vít tự khoan88
Pitch:79mm	Khoảng cách: 79mm
Scoring/Rules	Ghi điểm / Quy tắc
FeaturesFeatures	Tính năngFeatures
State:Liquid	nhà nước:Chất lỏng
FamilySisterBrother	Gia đìnhEm gáiAnh
Self-cutters87	Vít tự khoan87
Containerservices	Dịch vụ Container
Structure:Thrust	Cấu trúc:Đẩy
Inhibitions;	Ức chế;
ForcedFamily	Gia đìnhBất lực
Security/Access	An ninh/Ra vào
StandardFunction:	Chức năng tiêu chuẩn:
ChooseContinue.	ChọnTiếp tục.
Author:Jessica	Tác giả:Jessica
Display,Ect.	Hiển thị, Ect.
Weight(t)	Trọng lượng (t)
TaiZhou,China	TaiZhou, Trung Quốc
Name:DRYE	Tên: DRYE
Author:MartinG	tác giả: MartinG
about196ºC	khoảng196oC
Para(PARA)	Đoạn (PARA)
License:Others	Giấy phép :Others
Source:millionacres	Nguồn: millionacres
Name:DRYER	Tên: DRYER
Volume:3Tons	Khối lượng: 3Tons
Name:MOtn	Tên: MOtn
MoreProducts:	Nhiều sản phẩm hơn:
Volume>1CBM	Khối lượng> 1CBM
Rebecca's*story	* Câu chuyện của Rebecca
Kitchen,outdoor	Nhà bếp, ngoài trời
Soccerball,football	Bóng đá, bóng đá
Protectthebusinessmen.	Bảo vệ các doanh nhân.
Self-resettingsystem	Hệ thống tự phục hồi
Substance(gsm)	Chất (gsm)
refrigerator:aspera	tủ lạnh: aspera
Space-saving.	Tiết kiệm không gian.
Usage:Food	Cách sử dụng: Thực phẩm
Brandname:JG	Nhãn hiệu: JG
B(Negate)	B(không nhận)
Colors:balck	Màu sắc: balck
Shanghai,Ningbo	Thượng Hải,Ningbo
Country:Phillipines	Quốc gia: Phillipines
Kitchen,Food	Nhà bếp, Thực phẩm
ShanDong,China	ShanDong, Trung Quốc
Author:Snoppy	Tác giả:Snoppy
All-Hashtag	Tất cả Hashtag
Precautions:	Các biện pháp phòng ngừa:
Thought(THT)	Tưởng (THT)
Size:2m	Kích thước:2m
wellprotected.	được bảo vệ tốt.
Time(days)	Thời gian (ngày)
Make:ISUSU	Thực hiện: ISUSU
waterconsumptionincluding:	Tiêu thụ nước bao gồm:
Map-Lebanon	Bản đồ-Liban
Source:INTERNET	Nguồn:INTERNET
Model:DCASF	Mô hình:DCASF
Author:Bernice	Tác giả:Bernice
Author:Aaron	Tác giả:Aaron
Style:Business	Phong cách: Kinh doanh
QualityControlling:	Kiểm soát chất lượng:
Medicalequipment.	Trang thiết bị y tế.
Equipment,Ect.	Thiết bị, Ect.
treatmenttechniques.	kỹ thuật điều trị.
Ex-gays?	Người đồng tính cũ?
Type:6PIN	Loại: 6PIN
ManufacturingTechnique:	Kỹ thuật sản xuất:
Weight(Kg	Trọng lượng (Kg
Lightweight:36g	Trọng lượng nhẹ: 36g
diversecity.church	đa dạng.church
Thread:UNC	Chủ đề:UNC
Accuracycontrol:	kiểm soát chính xác:
Union,Paypal	Liên minh, Paypal
Size:M4	Kích thước: M4
History/Culture	Lịch sử / Văn hóa
Environmentally-friendly;	Thân thiện với môi trường;
electronicsindustry.	công nghiệp điện tử.
ExportPercentage:	Tỷ lệ xuất khẩu:
Driver,Meanwell	Trình điều khiển, Meanwell
Model:WCBR03	Mô hình:WCBR03
Re-orders?	Re đơn đặt hàng?
Author:Jessica	Tác giả:Jesscia
Size:2L	Kích thước: 2L
immunostimulating;	kích thích miễn dịch;
Runningtime:6s	Chạy thời gian: 6s
Appearance:commercial	Ngoại hình: thương mại
after-service:support	dịch vụ sau: hỗ trợ
Peta-Dilling	Bản đồ-Dilling
Size/CTN	Kích thước / CTN
Shape:I-type	Hình dạng:I-type
wedding,etc.	lễ cưới,vv.
Weight/Kgs	Trọng lượng / Kgs
Quantity:1roll	Số lượng: 1roll
See198photos	Xem198hình ảnh
Program:Installed	Chương trình: Đã cài đặt
Cost-saving.	Tiết kiệm chi phí.
Username/Email	Tài khoản/Email
Diffuser:PC	Bộ khuếch tán:PC
Source:KXG	Nguồn:KXG
Weight/CTN	Cân nặng / CTN
Body/Bonnet	Cơ thể/Bonnet
African/Black	Châu Phi / Đen
Energy-saving;	Tiết kiệm năng lượng;
Color:CMYK	Màu sắc: CMYK
UK-Market!	Thị trường Vương quốc Anh!
Garden-Scenery	Garden-Phong cảnh
Type:Cholinergic	Loại: Cholinergic
Contact:Zoela	Liên hệ:Zoela
Energy-saving,	Tiết kiệm năng lượng,
Salmonella(None)	Salmonella (Không có)
ISO,SGSapproved	ISO, SGS phê duyệt
OURSERVICE	Dịch vụ của chúng tôi
Tourism/Festival	Du lịch/ lễ hội
You're lying!	Cậu đang nói dối!
Sincerely thank.	Xin chân thành cám ơn.
Sincerely thank!	Xin chân thành cảm ơn!
You've misunderstood.	Bạn đã hiểu lầm.
A: Yes,sure	A: Vâng, chắc chắn
Faster, better!	Nhanh hơn, hơn!
Nooo, why?	Không, tại sao?
Or, equivalently:	Hoặc, tương đương:
What's next?	Tiếp theo là gì?
Yes,of course!	Phải, tất nhiên!
Why MEDI?	Tại sao MEDI?
Who's around?	Ai đang ở quanh bạn?
What's inside?	Có gì bên trong?
Sincerely Thanks.	Chân thành cảm ơn.
How's working?	Làm việc như thế nào?
That's better.	Cái đó tốt hơn.
Let's begin.	Chúng ta hãy bắt đầu.
Extremely Helpful!	Vô cùng hữu ích!
What's next?	Cái gì tiếp theo?
Source: Forbes.com	Nguồn: Forbes.com
Privileges include:	Đặc quyền bao gồm:
Shemetov explained:	Shemetov giải thích:
You're special!	Bạn là đặc biệt!
Enter CAPTCHA:	Nhập CAPTCHA:
Net weight:5kg	Net trọng lượng: 5 kg
Pregnant women;	Phụ nữ mang thai;
Weight: 4G	Trọng lượng: 4G
Why Condotels?	Tại sao Condotels?
Source: VOV	Nguồn: VOV
Knowing Siderodromophobia	Biết Siderodromophobia
Why HSKV?	Tại sao HSKV?
Advantages include:	Các lợi ích bao gồm:
Source: creative.com	nguồn: creative.com
Source: apple.com	nguồn: apple.com
Miikka stated:	Miikka đã nói:
by hkanezuka	bởi hkanezuka
Weekends: Closed	Cuối tuần: Đóng cửa
Related Assets:	Các tài sản liên quan:
What's wrong?	Có gì không ổn?
Requester's Guide	Hướng dẫn của người yêu cầu
Helps, honestly?	Nó giúp, trung thực?
It's Possible.	Điều đó là có thể.
Category: Efficient	Thể loại: Efficient
Source: DDDN	Nguồn: DDDN
Author: avcode	Tác giả: avcode
Colour:Any Colour	Màu sắc: Bất kỳ màu
Source: shuttle.eu	nguồn: shuttle.eu
Client: KINETIC	Khách hàng: KINETIC
DIALLO said:	DIALLO cho biết:
Risks Minimized	Giảm thiểu Rủi ro
Source: pioneer.eu	nguồn: pioneer.eu
Category: Toilet	Danh mục: Nhà vệ sinh
Xiaomeng, happiness	Xiaomeng, hạnh phúc
from CNET.com	từ CNET.com
Package includes:	Gói ưu đãi gồm:
Achieved awards:	Các giải thưởng đã đạt được:
Source: Vietcombank	Nguồn: Vietcombank
Source: Akismet	Nguồn: Akismet
Small masterchefs	Masterchefs nhỏ
Code: xxxxxx	Mã số: xxxxxx
Prevents abortion.	Ngăn ngừa phá thai.
Pregnant women.	Phụ nữ mang thai.
Manufacturer: Undefined	nhà chế tạo: Undefined
Let's share.	Chúng ta hãy chia nhau.
really najs!	thực sự najs!
Weight 5Kg	Cân nặng 5Kg
Firearms prohibited.	Vũ khí bị cấm.
Language: multi-language	Ngôn ngữ: đa ngôn ngữ
Weight 6kgs	Cân nặng 6kgs
KOGAMA: School	KOGAMA: Trường học
With WEBUS!	Với WEBUS!
MOQ: Accepted	MOQ: Chấp nhận
Category: Pregnant	Danh mục: Có bầu
Perform carwashes.	Thực hiện carwashes.
Author DANENTEX	tác giả DANENTEX
Weight: 3ton	Cân nặng: 3ton
Lastest Comments:	Mới nhất Bình luận:
Comments Contents:	Nội Dung Bình Luận:
Author: MissTram	Tác giả: MissTram
Provider: NIB	Nhà Cung Cấp: NIB
Why Dicalcic?	Tại sao Dicalcic?
Type: Softback	Kiểu: Softback
PenPal, Marriage	PenPal, Hôn nhân
City: Alicante	Thành phố: Alicante
Champion DG15ES	Vô địch DG15ES
Available: Year-round	Available: Quanh năm
Province philippines	Địa phương philippines
Ms.A work.	Ms.A làm việc.
Weight:6 kg	Trọng lượng: 6 kg
Genre: Casual	Thể loại: Casual
Home SH-U6	Trang chủ SH-U6
